topic1,,topic2,,topic3,,topic4,,topic5,,topic6,,topic7,,topic8,,topic9,,topic10,
methodology,0.625399247,split,0.383942187,silver,0.551578551,dfr,0.494875733,clinician,0.872767147,note,0.221555524,langl,0.946857905,smartbind,0.447209253,instep,0.505936445,nought,0.921026597
holi,0.382145678,unlabeled,0.372321128,smell,0.329991054,baseestim,0.259242898,programming,0.313285174,nfold,0.217997826,ration,0.595905718,ldavi,0.381820436,morandat,0.198968478,convinc,0.618503322
specif,0.219458087,past,0.317254672,million,0.327531215,heteroscedast,0.240103205,forming,0.248500536,midvalue,0.201292967,creatin,0.365171801,hierarchysplit,0.35047145,mydictionari,0.178248075,datascientistmap,0.341961313
dayminut,0.209085478,htmlbasic,0.275436685,contained,0.32415352,seratch,0.202092968,nation,0.219467805,predictable,0.182929718,hierarchysplit,0.352973548,cpr,0.292701163,tikhonov,0.175319077,ownership,0.302040235
ipso,0.202161343,noraini,0.257358914,alleviate,0.280745969,trec,0.190586786,rmalschain,0.194016911,mydictionari,0.165991541,unsupervisedfeatur,0.320959922,specially,0.271529972,keeps,0.173649692,ad,0.199933904
conceptual,0.201730588,ration,0.245737684,sf,0.250276576,utils,0.171556839,grouping,0.190634535,differentiable,0.161346097,anaconda,0.312885368,stackexchang,0.245102192,binari,0.170839804,utils,0.18959606
beauti,0.18427739,salt,0.20538992,auroc,0.22447227,imshow,0.16599364,unlabeled,0.190042105,breakdown,0.156613743,mani,0.259868473,cdcomplimentari,0.236173557,epochs,0.166970025,mitie,0.188421601
nelson,0.172074162,dissid,0.202267115,readings,0.209748476,survival,0.162697982,plane,0.179364622,monoton,0.156601135,compromis,0.22214121,baseestim,0.227956496,fob,0.162622381,religion,0.179582972
kastnerfruwhirthschnatterasisstochvol,0.171897542,simpl,0.193392328,resolut,0.192773562,scholar,0.159922516,opportunityknock,0.168340583,service,0.153240722,note,0.208466379,thirdli,0.213036662,spare,0.161381981,readings,0.176239677
pietzsch,0.168038125,locked,0.182236362,immediate,0.190461323,yum,0.157940057,techy,0.16608239,activ,0.146599689,simpl,0.202697185,breakdown,0.187995238,anaconda,0.159134198,perci,0.174943714